{"cameraMode":{"drawMode":0,"name":"Shaded","section":"Shading Mode"},"sceneLighting":false,"audioPlay":false,"sceneViewState":{"m_AlwaysRefresh":false,"showFog":false,"showSkybox":false,"showFlares":false,"showImageEffects":false,"showParticleSystems":false,"showVisualEffectGraphs":true,"m_FxEnabled":true},"in2DMode":false,"pivot":{"x":0.3142969608306885,"y":0.9038113355636597,"z":0.15310823917388917},"rotation":{"x":-0.034309789538383487,"y":0.9574962854385376,"z":-0.2560577690601349,"w":-0.12829726934432984},"size":1.0101902484893799,"orthographic":false}