{"cameraMode":{"drawMode":0,"name":"Shaded","section":"Shading Mode"},"sceneLighting":false,"audioPlay":false,"sceneViewState":{"m_AlwaysRefresh":false,"showFog":false,"showSkybox":false,"showFlares":false,"showImageEffects":false,"showParticleSystems":false,"showVisualEffectGraphs":true,"m_FxEnabled":true},"in2DMode":false,"pivot":{"x":0.04454744607210159,"y":-0.21642851829528809,"z":0.6891065835952759},"rotation":{"x":-0.004347529727965593,"y":0.9876478910446167,"z":-0.1541306972503662,"w":-0.027858076617121698},"size":0.31070438027381899,"orthographic":false}