{"cameraMode":{"drawMode":0,"name":"Shaded","section":"Shading Mode"},"sceneLighting":false,"audioPlay":false,"sceneViewState":{"m_AlwaysRefresh":false,"showFog":false,"showSkybox":false,"showFlares":false,"showImageEffects":false,"showParticleSystems":false,"showVisualEffectGraphs":true,"m_FxEnabled":true},"in2DMode":false,"pivot":{"x":0.06157873198390007,"y":1.1602305173873902,"z":0.6778280735015869},"rotation":{"x":0.009428700432181359,"y":0.9650271534919739,"z":-0.2596234679222107,"w":0.03504681959748268},"size":0.44855254888534548,"orthographic":false}