{"cameraMode":{"drawMode":0,"name":"Shaded","section":"Shading Mode"},"sceneLighting":false,"audioPlay":false,"sceneViewState":{"m_AlwaysRefresh":false,"showFog":false,"showSkybox":false,"showFlares":false,"showImageEffects":false,"showParticleSystems":false,"showVisualEffectGraphs":true,"m_FxEnabled":true},"in2DMode":false,"pivot":{"x":0.045008063316345218,"y":1.0979655981063843,"z":-0.1313854455947876},"rotation":{"x":-0.06106199324131012,"y":0.934532880783081,"z":-0.1965617686510086,"w":-0.29031312465667727},"size":1.3227510452270508,"orthographic":false}