{"cameraMode":{"drawMode":0,"name":"Shaded","section":"Shading Mode"},"sceneLighting":false,"audioPlay":false,"sceneViewState":{"m_AlwaysRefresh":false,"showFog":false,"showSkybox":false,"showFlares":false,"showImageEffects":false,"showParticleSystems":false,"showVisualEffectGraphs":true,"m_FxEnabled":true},"in2DMode":false,"pivot":{"x":0.16087943315505982,"y":0.7255743741989136,"z":0.11081993579864502},"rotation":{"x":-0.0019396108109503985,"y":0.9938233494758606,"z":-0.1095721572637558,"w":-0.01759169064462185},"size":1.1603072881698609,"orthographic":false}