{"cameraMode":{"drawMode":0,"name":"Shaded","section":"Shading Mode"},"sceneLighting":false,"audioPlay":false,"sceneViewState":{"m_AlwaysRefresh":false,"showFog":false,"showSkybox":false,"showFlares":false,"showImageEffects":false,"showParticleSystems":false,"showVisualEffectGraphs":true,"m_FxEnabled":true},"in2DMode":false,"pivot":{"x":0.14658987522125245,"y":0.6823331117630005,"z":0.12707972526550294},"rotation":{"x":-0.11102867126464844,"y":0.7762482166290283,"z":-0.1427052617073059,"w":-0.6039429903030396},"size":1.6111772060394288,"orthographic":false}